{"forward": [[0.17574901502783946, 0.1340658824830526, 0.12137770930741468, 0.11980179874540285, 0.11929686645458495, 0.11865091361883935, 0.11800348093536897, 0.11735631813532407, 0.11670408538224873, 0.11604130224311048, 0.11537281468706366, 0.11467924761374122, 0.1139509569781045, 0.11318160698771701, 0.1123626278245102, 0.11142801625317765, 0.11047038256432572, 0.10948294952104601, 0.10842046598224686, 0.1070102510422705, 0.10502504654191439, 0.10308285838094222, 0.10139508802639834, 0.09970115481709156, 0.09799759735358667, 0.09625739728292812, 0.09427835919605965, 0.09229392843706041, 0.09036142790275323, 0.0884821571193912, 0.08664992611172641, 0.08486098966803965, 0.08310787220879627, 0.08140062190509093, 0.07974524683262758, 0.07815329521450681, 0.07662429930910616, 0.07515421748158774, 0.07374348206145764, 0.07239249083932124, 0.07110033923777222, 0.06986969079072135, 0.06869867638436195, 0.06758104635354542, 0.06651614068869399, 0.06550172407993632, 0.06453257028987272, 0.06360880217562012, 0.06273171167150289, 0.061896709106577893, 0.061103935452617796]], "backward": [[0.7285065900670625, 0.3153572796071415, 0.1639326017338471, 0.13677551807387173, 0.1354128477230402, 0.1345628536515129, 0.1337437904856931, 0.13300568833327733, 0.1323747568732698, 0.13180360992149004, 0.13126763934410085, 0.1307728139727285, 0.13031371512994577, 0.12989098815474975, 0.12949894087854155, 0.12913103984366592, 0.12878647897998766, 0.128466504668563, 0.12816822528272584, 0.12788862446080032, 0.12762909480861387, 0.12738819720316355, 0.12716090694369517, 0.12694510061958222, 0.12674236704596603, 0.12655303073465735, 0.12637312688600677, 0.12620343316173108, 0.12604320762870372, 0.125892683935389, 0.12575242007825993, 0.12562119844776512, 0.12549805694091196, 0.12538387169472598, 0.1252779149693327, 0.1251785994974391, 0.12508491157324728, 0.12499699013902624, 0.12491435492181319, 0.12483685917850564, 0.12476367556623419, 0.12469412722268436, 0.1246281447046538, 0.12456545879340204, 0.1245059941673706, 0.12444949137609057, 0.12439607536748468, 0.12434486808015557, 0.12429618891774882, 0.12424978645672609, 0.1242059230248502]]}