{"forward": [[0.26720070668270157, 0.11897679466968741, 0.1182369278666446, 0.11790042092215568, 0.11768727988926148, 0.11754830861418344, 0.11742122608087602, 0.11732825037704664, 0.11723134024455004, 0.11712744000490695, 0.1170486235436193], [0.7315766711995506, 0.1302446678980209, 0.12475742465544816, 0.12245860243933247, 0.12140579628391038, 0.1208350403681196, 0.12052471569718343, 0.12032135519055662, 0.12015053738232566, 0.12000714335968689, 0.11990561093603447]], "backward": [[0.5611178517417443, 0.12490559503144129, 0.12063783959528702, 0.11908235039580177, 0.11825395059336388, 0.11779599140463154, 0.11746457373173726, 0.11728925141285937, 0.11713070977698933, 0.11700968582561687, 0.11690980801973246], [0.4639863277230302, 0.12395528726572264, 0.12216655185339445, 0.12096871191370184, 0.12013834980070959, 0.11960675327517054, 0.1192268779602496, 0.11894640477988991, 0.1187127484027545, 0.11853856180492008, 0.11835072942395572]]}