{"forward": [[0.7669395680393981, 0.12591596461610768, 0.12298203938364344, 0.12117763236526577, 0.12036835728622293, 0.1200001589138405, 0.11979994306377724, 0.11963349968975275, 0.11947550270102017, 0.11935703777071645, 0.11919246873164384, 0.1190367091203007, 0.11890419732025054, 0.11880790730219276, 0.11869764183502587, 0.1186244880606811, 0.1185411955981214, 0.11847601752169437, 0.11841346454438867, 0.11835195813179802, 0.11827178869343463, 0.11819522545184517, 0.1181207609508753, 0.11802976134119753, 0.11793855709782798, 0.11787064163184466, 0.11780613319425604, 0.11774141535485604, 0.11767297332256393, 0.11760845386866628, 0.11754059365874289, 0.11747492566582259, 0.11740727061174805, 0.11735062304276551, 0.11729433171465127, 0.11724158789832692, 0.11719397049306807, 0.11714539221066947, 0.11709932898522322, 0.11706008220937517, 0.11702178047187628, 0.11698770158381351, 0.11695684964732513, 0.11692542362355951, 0.11690084313050239, 0.1168744823003811, 0.11685354591071707, 0.11683051222182843, 0.11680970733742804, 0.11679149479471415, 0.11677391769768712]], "backward": [[0.8218178564829334, 0.13052047498976416, 0.12674715789659308, 0.12434237287166894, 0.12262988980109588, 0.12149962841328416, 0.12078306345579153, 0.12028903387612676, 0.11994838944538785, 0.1197009991395303, 0.11948349988285739, 0.11927792583057524, 0.119177744397478, 0.11908458829217868, 0.11900735476607606, 0.11894103475289107, 0.11885134218411385, 0.11877152960537772, 0.11868653436246342, 0.11862677785165524, 0.11855385924947263, 0.11847755919128354, 0.11840826979497816, 0.11834965354201468, 0.11828451168721779, 0.11824117991561739, 0.11817629060317031, 0.11813048875292607, 0.11805021911580897, 0.11800116007246993, 0.1179343069647222, 0.11786536165205329, 0.117816590395091, 0.11776886802947198, 0.1177087611653678, 0.11766695460261083, 0.11761849285412482, 0.11757458134409013, 0.11753020120078127, 0.11748957131425397, 0.1174540001605635, 0.11741815159940952, 0.11738667977410472, 0.11736071541775363, 0.11733080522005618, 0.11730761257108815, 0.11728570994604723, 0.11726446899825574, 0.11724336792746724, 0.11722346253664018, 0.11720627852322979]]}{"forward": [[0.778529121879277, 0.12209872073977485, 0.12063484247938618, 0.12010083183319391, 0.11983421081900653, 0.11965998287012536, 0.11954700827776793, 0.11944229584538663, 0.1193514683584171, 0.1192762092286082, 0.11921053785100756, 0.11914937502696081, 0.11909437966057841, 0.11904870897879019, 0.11900278941532924, 0.11896555507140809, 0.1189264575130188, 0.11888188001013837, 0.11884045512889733, 0.1188011209362447, 0.11875884421054556, 0.11872192377016556, 0.11868370432528205, 0.11864991023061026, 0.11861654321353776, 0.118583558952209, 0.1185484103900008, 0.11851401120983296, 0.11848672953122553, 0.11845767534889408, 0.11843173129317879, 0.11840656876214455, 0.11838294669082003, 0.11836046061776583, 0.11833816126374341, 0.11831407317039978, 0.1182928273554865, 0.11827223719632747, 0.11825306912674549, 0.11823371354522758, 0.1182152446118394, 0.11819784967479231, 0.1181802203705409, 0.11816350412511445, 0.1181473119631903, 0.11813176656041234, 0.11811644412109137, 0.11810157286950523, 0.11808666218948731, 0.11807217725852068, 0.11805792599013423]], "backward": [[0.647955911607625, 0.12736668331100012, 0.12223048024302238, 0.1199595962203881, 0.11880713466581067, 0.11823293041869648, 0.1179781098529164, 0.11780459952812326, 0.11766285083070177, 0.11757820233498462, 0.11749712698749858, 0.11742298922737977, 0.11739121942066857, 0.11731438028966726, 0.11728506301098841, 0.11723277140234264, 0.11714939727001406, 0.11709053533491928, 0.11702614111792962, 0.11693267524810061, 0.11688103364760107, 0.11680103682450578, 0.11673387263920487, 0.11664645730703874, 0.11657277078878844, 0.11650431639935852, 0.11641500187314113, 0.11633368269673236, 0.11626198358322533, 0.11618422361530016, 0.11611718409205536, 0.11603812277022553, 0.11597070648397553, 0.11590229992824451, 0.11583392203379565, 0.11576719719105705, 0.11570651034351861, 0.1156444435674097, 0.11558588180160216, 0.11552554223559364, 0.11547179033473136, 0.11542012117257422, 0.11537476874000363, 0.11533010189798744, 0.11529306017725081, 0.11525109167345947, 0.11521494579822415, 0.11518281199991884, 0.11515207510059393, 0.11512454484692744, 0.1150971973161201]]}{"forward": [[0.4905016403304998, 0.1228854437200628, 0.11928261112695702, 0.11847105005373484, 0.11819760357533357, 0.11801547701060977, 0.11788002006967276, 0.11776489120600557, 0.11766229408266593, 0.11757472273711186, 0.11749505672788818, 0.1174235833936553, 0.11734504705803807, 0.11727525611527118, 0.11721012625077179, 0.11715547941416385, 0.11708923951209765, 0.11703811017544699, 0.11698129375606069, 0.11693553205716556, 0.11689092938599158, 0.11683965675796726, 0.11679167706663265, 0.11674087889406885, 0.11669535685882383, 0.1166516707464759, 0.11661360316077497, 0.11657638464501477, 0.11654418743731458, 0.11651231604098834, 0.11648161184701723, 0.11645425177934178, 0.1164279238180276, 0.11640473981491317, 0.11638174639538847, 0.11635826319382073, 0.11633810813609859, 0.11631838542911498, 0.11630168028684543, 0.11628470440832328, 0.11626366652052618, 0.11624848539890421, 0.11623388479736396, 0.1162210191628498, 0.11621053275889986, 0.11619717951788666, 0.11618608330684381, 0.11617240622439105, 0.1161584849341902, 0.11614400807671024, 0.1161294673475347]], "backward": [[0.4021556327257384, 0.11942681277633056, 0.11813912767311985, 0.11751656324833744, 0.11728386808510369, 0.11708632339767149, 0.11682496697111477, 0.11665958115147747, 0.11648196928583834, 0.11629497977154686, 0.1161168601899869, 0.11596602454592606, 0.11581307775192393, 0.11563767006409717, 0.11547095515698223, 0.11530156424011842, 0.1151565523084866, 0.11498723705142325, 0.11485857275302698, 0.11464465039285636, 0.11451736935940958, 0.11434639376167106, 0.11417772745724625, 0.11402228672340416, 0.11384636966341918, 0.11375504091025222, 0.11362194073025698, 0.11345282483818199, 0.11328607352132937, 0.11313087935761916, 0.11296558016746781, 0.11281468409855368, 0.11266096088547649, 0.11254951186345195, 0.11240812236158466, 0.11225597361223327, 0.11213230718835122, 0.1119950374924821, 0.11186070346822352, 0.11173308458379788, 0.1116086399534276, 0.11150201979683698, 0.11139570610252379, 0.11130469076837685, 0.11120857232123511, 0.11112360764352479, 0.11104976439871825, 0.11097034227455324, 0.11089961363731292, 0.11082419557508837, 0.11076808520556687]]}