{"forward": [[0.5718985174887588, 0.12651785120108608, 0.12365421613861671, 0.12186293377927515, 0.12064258681687529, 0.11970582486678057, 0.11907879327711579, 0.11863454460857367, 0.11836338161026425, 0.11821818495639085, 0.11803534656932944]], "backward": [[0.45856741257911776, 0.12011431842659498, 0.11889887386239571, 0.11789083525739968, 0.11746951013655695, 0.11713023455645627, 0.11679194866996052, 0.1166519667764006, 0.11648246935256483, 0.11631927092471103, 0.11611862927568609]]}