{"forward": [[0.6784789446025229, 0.13489413722586824, 0.13065371164480571, 0.1271408907335071, 0.12444630749854109, 0.1222219999372562, 0.12065246014071264, 0.1199638218985048, 0.11950433988427292, 0.11920596708753965, 0.11898997099685678, 0.11882134450439924, 0.1186958620847513, 0.11860455044890846, 0.11852549175329798, 0.11846681102953946, 0.11841410965305289, 0.11837386647585442, 0.11833481348256676, 0.11830514266944805, 0.11827785276787699, 0.11825111867884135, 0.11823161351065138, 0.11820309886332844, 0.11817414504724824, 0.11814582874806691, 0.11811356820565447, 0.1180910775098925, 0.11806342024159329, 0.11803439100605355, 0.11800212859219032], [0.4484328818129825, 0.12876225077440945, 0.12455861300789028, 0.1223038739595082, 0.12081187413171804, 0.11979040850341154, 0.11907728015206816, 0.11853031315131168, 0.11810763648780867, 0.11780167059114308, 0.11757222643777572, 0.11739512656400065, 0.11725466420077327, 0.1171428024975125, 0.11705198506038898, 0.11698007614762677, 0.11692102237081922, 0.11687247139550878, 0.11683223770512796, 0.11679713268851682, 0.11676686795971729, 0.1167377158709349, 0.1167105766938304, 0.11668482861658366, 0.11666532198133805, 0.1166412032242482, 0.11661988857602165, 0.11659793986232628, 0.11657914957346727, 0.11655924606911669, 0.11653853843437899]], "backward": [[0.5886987760403847, 0.1304154868440888, 0.12715469111648495, 0.12499714406978617, 0.12339456787956977, 0.12216995723954652, 0.12124160456158375, 0.12054888446855684, 0.12000074896530669, 0.11958065116456267, 0.11926329983712877, 0.11899594722240328, 0.1187643075468454, 0.11860127323997452, 0.11844801150505704, 0.11830523657049516, 0.11819876304934035, 0.11809737079751226, 0.11800691429564165, 0.11790716257516413, 0.11782368831255989, 0.11773365549237924, 0.11764828939289662, 0.1175819163611994, 0.11749535684554405, 0.11741545820525581, 0.11733641475188034, 0.11725921136359706, 0.11719805902933385, 0.11712344582978755, 0.11705994931208225], [0.7479351178168432, 0.13434282618959167, 0.12366225735304232, 0.12114853154426533, 0.1196831982275065, 0.11862057295609574, 0.11789270903680021, 0.11740638566489958, 0.11705574008686319, 0.11680129614146864, 0.11658024388982195, 0.11636158480688917, 0.11620214974284154, 0.11604826661823357, 0.11591935208227626, 0.11577782933030846, 0.11565262025681769, 0.1155378064141275, 0.11542747712623551, 0.11532942740223133, 0.11524353478779217, 0.11515881397794081, 0.11508009106856526, 0.11500498848396698, 0.11494032428723931, 0.11487452434814835, 0.11481138596253239, 0.11475209973664334, 0.1146931060404145, 0.11463434137548854, 0.11457762648951998]]}{"forward": [[0.19330986857041887, 0.11928046636921096, 0.11875054067678507, 0.1186743430307674, 0.11854920697515725, 0.11841518859020711, 0.11827009791204948, 0.11817562177344824, 0.11803214744676925, 0.11789233686494628, 0.11781299259706599, 0.11768468278450507, 0.11756226898372416, 0.11745654969784383, 0.11733300377245934, 0.11721964119731966, 0.11711061059662903, 0.11701884994699735, 0.11693825531075867, 0.11683992340687654, 0.11676331027048403, 0.11666893414826528, 0.11659259655587868, 0.11651354463546003, 0.11644986065946665, 0.11639011482078979, 0.11632881454585499, 0.11627632785186602, 0.11622847297635848, 0.11618072891264572, 0.11613256369544553], [0.7008837522366923, 0.12226671862942617, 0.11984744582393404, 0.11893495543732613, 0.11848922599490133, 0.11825740596631841, 0.11811610265148541, 0.11801395450203364, 0.11793387420915777, 0.11787318529438692, 0.11782196754437656, 0.11778044081196862, 0.11774259665817317, 0.1177067144545468, 0.11767272753624727, 0.11763936516662138, 0.11760508256018871, 0.11757624210810702, 0.11754729868149345, 0.11751903233686023, 0.11749424886895031, 0.11746744445996107, 0.11743974266022446, 0.11741512552709256, 0.11739094961380071, 0.11736852364199128, 0.11734837026933634, 0.1173271383078888, 0.117305214250238, 0.11728397709063289, 0.11726420996692885]], "backward": [[0.19440157390565085, 0.11898171636245211, 0.11757075591888139, 0.1170235588037037, 0.11669873493395656, 0.11640546705728054, 0.11616334986827981, 0.11588043762708058, 0.11558479225895037, 0.11528094512086295, 0.11500080455076037, 0.11474459432486159, 0.11451396528637509, 0.114302577023063, 0.11410741778948187, 0.1139254804206991, 0.11376502937696184, 0.11361679527856246, 0.11347742923458283, 0.11332202241422278, 0.11320017564906092, 0.1130662729960167, 0.11295171233080646, 0.1128455597580124, 0.11271366986469607, 0.11260104224348003, 0.11248311850897479, 0.11238529807502154, 0.11229951550920975, 0.11221292682029978, 0.1121315526845746], [0.5764458081195697, 0.12082414175027406, 0.11921023708946427, 0.11871763569500439, 0.11850294424457038, 0.11829621769883406, 0.1181746406209287, 0.1180703477505424, 0.11793023054209363, 0.11770962793874104, 0.11732323126312286, 0.11704687418015076, 0.11686549975193336, 0.11664603801058646, 0.11642330679246864, 0.11623676298518855, 0.11602305428215455, 0.11582663961543241, 0.11566511582123006, 0.11547527475068176, 0.1153277655891016, 0.11518866297745908, 0.11505131076924317, 0.11491387893967228, 0.11480361952177756, 0.11468329414429765, 0.11455763831201088, 0.11445108164334888, 0.11434120607864104, 0.1142475497089844, 0.11414732742234528]]}