{"forward": [[0.19222158760678218, 0.08556680630812352, 0.08509457760935715, 0.08474786560646932, 0.08446057277552452, 0.08426149255491211, 0.08408532943499256, 0.08396828789895641, 0.08387354419591929, 0.08377194228443641, 0.08369162772896811, 0.08361254722972775, 0.08350987835985785, 0.08342360504258092, 0.08331959792657173, 0.08321866552460119, 0.08310919434580845, 0.08299878006431922, 0.0828673044866608, 0.08273592406158356, 0.0825713148845341, 0.0823746462093703, 0.08217716137162671, 0.08198474290178077, 0.08181461468846642, 0.08164194795907881, 0.08146698938224309, 0.08129146865290125, 0.08107182283134913, 0.08085011437497794, 0.08062269552971148]], "backward": [[0.3911556693004038, 0.08918920303810152, 0.08761277151983755, 0.08664646827002939, 0.08609411767113517, 0.08569655677532417, 0.08537645874562338, 0.08512220116109555, 0.08490082460495642, 0.0846600963052831, 0.08444086003798103, 0.08423048057120103, 0.08397368753220802, 0.08367232234040659, 0.08331042624798472, 0.08295904989264412, 0.08258072602631937, 0.08224608880913055, 0.08192908267835827, 0.08164774935614451, 0.08138501682977421, 0.08114398149151648, 0.0809336492428667, 0.08073066703603635, 0.08052943247388804, 0.08034376860102423, 0.08017372955461785, 0.07999883080918148, 0.079838480287634, 0.07968189310219592, 0.07952772280333195]]}