{"forward": [[0.20902140053057963, 0.0864784719017014, 0.08596161448072584, 0.08556069644439986, 0.08526286023119403, 0.0850096523515659, 0.084794607489895, 0.08460756646388569, 0.08444734600877761, 0.08430062636374813, 0.0841685549234371, 0.08404696384347343, 0.08393504795626766, 0.08383137805024084, 0.08373103525187987, 0.08363715868475641, 0.08355121336592236, 0.0834697017192535, 0.08338831097272933, 0.08331674277716201, 0.08324528669032356, 0.0831805157521582, 0.08311262677754823, 0.08304966143661428, 0.08298982319180562, 0.08293480728037363, 0.0828790167664782, 0.08283061791433684, 0.08277883839867715, 0.0827289979888761, 0.08268379833989994, 0.08263855014561412, 0.08259711278021953, 0.0825567883111159, 0.08251672531127051, 0.08248041036691352, 0.08244614248939915, 0.08241158827395105, 0.08238040595913244, 0.08234966086775264, 0.08232151322517638, 0.08229497832384663, 0.08226923163424103, 0.08224399221189646, 0.08222097489525317, 0.08219793497040973, 0.08217549593488487, 0.0821545014579999, 0.08213411751734935, 0.08211424869190335, 0.08209507352571041]], "backward": [[0.3214256683837882, 0.08885119435012723, 0.08712816635512528, 0.08614578742508393, 0.08548282618309407, 0.08494760773798667, 0.08453803364572904, 0.08411815508350157, 0.08372544760311376, 0.08338341042820047, 0.08308318355594514, 0.08281474577204323, 0.08256112653630256, 0.0822867768084487, 0.08197762171486575, 0.08165714372393454, 0.08133580045106505, 0.08101480662445798, 0.08069483994888527, 0.08042589819529959, 0.0801584171109513, 0.07989154676110498, 0.07965854071605226, 0.0794299426804314, 0.07921311628427179, 0.07901286603572832, 0.07881437954392982, 0.07861812053530742, 0.07842347472313066, 0.07824194188634039, 0.07804634826078076, 0.07783912272499041, 0.07765162544592226, 0.07743084573993525, 0.07722205523543418, 0.07701320523142648, 0.07680210308828946, 0.0765886028814616, 0.07637931402743882, 0.07617712986490162, 0.075970709813298, 0.07576638091148871, 0.07555809499568683, 0.07535042659033465, 0.07514821562827517, 0.07494837974137969, 0.07475014419756101, 0.07456644032799772, 0.07438100041197049, 0.0742002297872455, 0.07402508156216968]]}