{"forward": [[0.34927733127671506, 0.08769369100412734, 0.08521447338010962, 0.08464199302259376, 0.08410959374679369, 0.08373569782018885, 0.08342086889754391, 0.08315081813746207, 0.08292043970927658, 0.08271893894077872, 0.08254148418044253, 0.08238134104871758, 0.08223924895610715, 0.08211373246875055, 0.08199947158577094, 0.08189797632395285, 0.0818031343191, 0.08171465209397073, 0.08162775316211679, 0.08154184626390537, 0.08138132405941355, 0.08120819626795572, 0.08103614626311974, 0.08087105485834449, 0.08070306235912414, 0.08052155524410196, 0.08035831588280629, 0.0802049172432528, 0.08005580995037492, 0.0799147141161811, 0.07978333471091767], [0.4150692105133583, 0.1327759400300075, 0.09011387734367324, 0.08922543423885075, 0.08845471920328522, 0.08789793695343588, 0.08738467594295465, 0.0869681075685409, 0.0866245828521737, 0.08629768954048435, 0.0860396993358267, 0.08579963371282989, 0.08558703948628844, 0.08539838055067042, 0.08524471189381416, 0.08510178883597586, 0.08496242854533666, 0.08485725366907963, 0.08475830273819546, 0.08464723024171483, 0.08456293933608723, 0.08445637967630179, 0.08437161800539765, 0.08429394180474978, 0.08421751565748045, 0.08414195622128795, 0.08407477780643847, 0.08401504424878999, 0.08395416723470386, 0.08388825645596219, 0.08383446789156145], [0.3307098721943756, 0.08749866562856516, 0.08586071094988534, 0.08531175374626636, 0.0848683815484896, 0.08447897783994239, 0.08414144792524288, 0.08387273421848668, 0.08363540882292865, 0.08345167062156068, 0.08325777026249867, 0.08309147747200216, 0.08294477738605614, 0.08281963730689182, 0.08269870142212142, 0.08259478411856744, 0.08249909337003758, 0.0823982411201403, 0.08231460076297079, 0.0822406776537289, 0.08216050517463752, 0.08209930446450338, 0.08203137576935239, 0.08197684884098251, 0.08191648985086757, 0.08187495979418466, 0.0818198510397632, 0.08178110040116357, 0.0817385400887001, 0.08170220516114894, 0.0816699442326726]], "backward": [[0.3072544650829036, 0.08625061410176628, 0.0852561088107678, 0.08465644277006436, 0.08410126621906593, 0.08361359550234734, 0.08324403953890365, 0.08293704081293624, 0.08267607516793833, 0.08244527968414192, 0.08223169229693059, 0.08204680058362927, 0.08188780092547066, 0.08174167654861823, 0.08159257229708211, 0.08146781280687626, 0.08134043223255145, 0.08121111264751135, 0.08109029904850812, 0.08098380512831067, 0.08087730853278309, 0.08077128891088786, 0.08067049579650422, 0.08056916584446262, 0.08046428242375928, 0.08035824054257029, 0.08025255923354199, 0.0801377743892636, 0.08001779118226901, 0.07990329658290148, 0.07979079280696781], [0.4101033486009183, 0.09591421454159621, 0.09165346133185451, 0.08990284777009082, 0.08855861544732917, 0.08742975057867011, 0.08663087076522946, 0.08603631631137361, 0.08556164888772899, 0.08515417726910622, 0.08481396717107592, 0.08452603836040833, 0.08427133940564902, 0.08403928065007787, 0.08382978263817023, 0.08364352108541473, 0.08347377381335469, 0.0833156200149927, 0.08316526291505766, 0.08302359659265607, 0.08288106326368995, 0.08274948097899922, 0.08262406434522308, 0.08249768278108888, 0.08236715143628491, 0.08224212260668307, 0.08211812818762608, 0.08201062183683533, 0.08189966741682687, 0.08179882170494039, 0.08169514892464015], [0.28858601784099314, 0.08716652707040906, 0.08539435781379576, 0.08477971469234907, 0.08431285640555776, 0.08390337825088728, 0.08352096273743884, 0.08318326522844371, 0.08284134535500504, 0.08252406715076932, 0.08221638892704826, 0.0819204525746984, 0.08162003307132648, 0.08130693305044306, 0.0810027512138588, 0.08071571918748219, 0.08042510823989162, 0.08014751388182098, 0.07990000906570643, 0.07966249433005106, 0.07945838160489616, 0.07926479205329384, 0.07908998765998494, 0.07892891556552677, 0.07878391336943422, 0.07865137514551587, 0.07852386276605232, 0.07840279977583126, 0.07829311023068884, 0.07819229495215492, 0.07809292727744944]]}