{"forward": [[0.30471566946764894, 0.16871460749210776, 0.0970942788679056, 0.0469723996539147, 0.020879043723874797, 0.010104592558759722, 0.006336247543080829, 0.004749061026764533, 0.0037919691370723973, 0.00308768736246664, 0.00252848096116101, 0.0021074232386715506, 0.00178711106730479, 0.0015585028165614537, 0.0013780398001176396, 0.0012369093439447531, 0.0011258725787884449, 0.0010341290420219818, 0.0009536742805229149, 0.0008843444723058864, 0.0008252628120918574, 0.0007742427783085182, 0.000726003578908475, 0.0006827371643842638, 0.0006427513733310354, 0.00060771977772326, 0.0005769051086265022, 0.0005491221796949235, 0.0005245187153687051, 0.0005015991743229807, 0.0004810942445078997, 0.0004625635262829247, 0.00044493421468070905, 0.0004283326837138927, 0.00041340252538373716, 0.00039981508517344965, 0.0003874551350908655, 0.00037594909876506046, 0.0003652630355331961, 0.0003556886451930226, 0.00034650731613196264, 0.0003376956984558872, 0.00032936823964860236, 0.0003213749177981711, 0.000313350966389641, 0.0003059093170774496, 0.0002994341188970546, 0.0002934189349674171, 0.0002877633774411958, 0.00028243095769164194, 0.00027753582386908366]], "backward": [[0.3489651948417319, 0.18210592991686184, 0.11147106159564264, 0.04638279511246599, 0.021107906779416617, 0.017767579663026726, 0.016134710085134337, 0.015030408544095627, 0.014357863469803982, 0.013832538692589946, 0.013306283283015306, 0.012826030567538069, 0.012376849765078057, 0.01192971865163733, 0.011464342074259674, 0.010992999852135798, 0.01053410888905614, 0.010100841659862523, 0.009663086673689314, 0.009219800839331438, 0.008787432600286643, 0.008364915638887372, 0.007953943592782212, 0.007565713660786268, 0.007206599349049963, 0.0068760863488096105, 0.006565809005829424, 0.006267550726755282, 0.005983740050651459, 0.0057087540182869986, 0.005438155676636561, 0.00516849283285038, 0.004909934568983167, 0.00468386441526414, 0.004476740449340775, 0.004284507259005652, 0.004101044158475641, 0.003920382537673168, 0.0037479731340552694, 0.0035853883199954053, 0.0034305733442312877, 0.0032916319911101234, 0.0031692327450825483, 0.0030596747018243053, 0.0029592004362582387, 0.002866635496273126, 0.0027817681931838795, 0.0027042772957443324, 0.0026337037128002167, 0.002568697574258661, 0.0025086488363161856]]}