{"forward": [[0.44090613947101487, 0.31794310725340524, 0.2520633444241498, 0.18266358760461837, 0.11850092137070704, 0.07891466684813053, 0.05206761793756301, 0.033999069118019636, 0.022329094698326207, 0.015301151648881944, 0.011176022157178264, 0.00874527477735445, 0.007164775472787453, 0.006049447755160726, 0.005205296252623971, 0.004548405034386176, 0.004019046660489099, 0.003583001985273126, 0.0032239773175241847, 0.002913579630343275, 0.002644556635556605, 0.0024188205047139806, 0.0022211347244828973, 0.0020520230642816053, 0.001905967931275344, 0.001782910345448709, 0.001630462747172496, 0.0015209238424383385, 0.0014382982902970563, 0.0013694682753736284, 0.001311177721297174], [0.3532029800248012, 0.24726241067543436, 0.17406157496482277, 0.11780931302675925, 0.07893323711719465, 0.05454862482106069, 0.03910127199621407, 0.028657863277255516, 0.02203934637939108, 0.01763194553053652, 0.014738049550730995, 0.012664960825295675, 0.011046525921945024, 0.009600990404184755, 0.008419220967732706, 0.007439353847757748, 0.00660821561261214, 0.005917090778835579, 0.005343365609100008, 0.004865207367233295, 0.004470698321542052, 0.004141816119762567, 0.003864005101370716, 0.003622309740045187, 0.003415844945821443, 0.0032331638744672844, 0.003075519622355847, 0.0029345990656233696, 0.002803528455710409, 0.0026816139494312617, 0.002570160310880544], [0.2898173211214742, 0.21149816132669585, 0.1416044080250328, 0.10401054021132057, 0.07278441437256729, 0.04903875043030748, 0.03131011729963627, 0.019068025446596238, 0.012267133073331464, 0.008572313766069295, 0.00650497782948932, 0.005272242882170199, 0.0044257392636489435, 0.003812901563483171, 0.0033166982645412117, 0.0029198499375662204, 0.002593054442361383, 0.0023282117673359306, 0.002114303767203081, 0.0019330535677556195, 0.001787848642595942, 0.0016721310239368814, 0.0015723241884804484, 0.0014885373743432938, 0.0014164167163755145, 0.0013515322919984332, 0.0012953358821375218, 0.0012454299791094434, 0.0012002049374181532, 0.0011589542484774814, 0.0011224527262816333]], "backward": [[0.3640622401118624, 0.25173504620557186, 0.17084280652294853, 0.10540875414696578, 0.0508897706172792, 0.028279784143556662, 0.023406703699592538, 0.020857031503478084, 0.0189929141176526, 0.017473351489271073, 0.016200156817514386, 0.015205515612317266, 0.014431295982256157, 0.013799186025766004, 0.013255130040408424, 0.012764005180938844, 0.012307665355219495, 0.011886493279153074, 0.011497874871742083, 0.011117828291359587, 0.010734105860060423, 0.01036915809310148, 0.010033336321778068, 0.009715372477874056, 0.009418422608801422, 0.009127198949834306, 0.008851634445734329, 0.008587903235786856, 0.008338111494381772, 0.008100880486991795, 0.00787305883685971], [0.2975226667717758, 0.2566495385094735, 0.17291798027314692, 0.10691716347586394, 0.057901315096521425, 0.03204574086629772, 0.024491732513703256, 0.020879669356072456, 0.018764858486308104, 0.01711102624099755, 0.01569703054616149, 0.014499568793161558, 0.013586091574408262, 0.012889793844492996, 0.012320592448029178, 0.011815132198235425, 0.011356283838963071, 0.010948508128504507, 0.01057265497229218, 0.010189315642877486, 0.009770032875311082, 0.009388024995982378, 0.00903744349609559, 0.008726247723393926, 0.008430819720212692, 0.008153578091866603, 0.007891962465197494, 0.007643796054759218, 0.007399556883851648, 0.007164122318635653, 0.006930910785567854], [0.3401417069415308, 0.23406485362135607, 0.16048279837582216, 0.12535251580765572, 0.08821124775731769, 0.04843755877970615, 0.02661354026192317, 0.01987091142306427, 0.0180178088176961, 0.01723127117716685, 0.016759153730289637, 0.01640813107402539, 0.01612987497701319, 0.015904524235022147, 0.0157036953876909, 0.01553575566554118, 0.015383064308551821, 0.015244490258586948, 0.015111327522136538, 0.014978863847412016, 0.014849864060159396, 0.014729223268970155, 0.014619072479240085, 0.014518301578443561, 0.014421622168238075, 0.01432792105472066, 0.014237494255688208, 0.014143453767115559, 0.014039053414940017, 0.01394468778957654, 0.013853131017414899]]}