{"forward": [[0.5381828509448332, 0.130851976524784, 0.1237250883757793, 0.12000956484085297, 0.1152411673441664, 0.10624782428058589, 0.08971713115509584, 0.057120265182644264, 0.014128823542453539, 0.00551976111934708, 0.0033072975966440877, 0.002126523834065421, 0.0015135187479120326, 0.0011927937619462326, 0.0010050816204307657, 0.0008888306324811401, 0.0008119426007050057, 0.0007429770218822741, 0.0006898373882209595, 0.0006453363178552906, 0.0006076419762993809, 0.000576063139933158, 0.0005426083302322231, 0.0005108179062516585, 0.00048309788906008693, 0.00045970784429065747, 0.00043478734733607257, 0.00041289108055105094, 0.0003926470007942065, 0.00037345259370462244, 0.00035712066524432387, 0.0003403445912189103, 0.00032529977770137913, 0.000311303841433767, 0.000298754577226518, 0.00028680406023208135, 0.0002762921833587211, 0.0002671112485809151, 0.0002580857017760759, 0.00024972689767943364, 0.00024157426614516487, 0.00023473053075729185, 0.00022839418736798417, 0.00022249089929453252, 0.00021760284297507858, 0.00021292205219637864, 0.00020851797190032364, 0.00020390772510656157, 0.00020023931746330812, 0.00019693770333672944, 0.00019389515140031316]], "backward": [[0.19564102366228395, 0.12606178639754312, 0.1250584701775213, 0.12485616690724452, 0.12477002998961077, 0.12474060213944255, 0.12472601808389232, 0.12471790414565312, 0.12470924655244521, 0.12469495180228905, 0.12467935163093434, 0.12466753620673006, 0.12466476816409437, 0.12463531445342255, 0.12460964756458481, 0.12458690967508744, 0.12455795126227448, 0.12453524766448508, 0.12451180796009431, 0.12448721852191832, 0.12446085987162762, 0.12444096531621988, 0.12440891467735352, 0.12438362294650898, 0.12435874943261234, 0.12433344739176579, 0.12430941923338629, 0.12429046360542102, 0.12427356538084888, 0.1242579163305499, 0.12424204298676748, 0.12422776343091632, 0.12421406313237479, 0.12420338405637205, 0.12419330838835889, 0.1241844350778861, 0.12417580074670406, 0.1241683104273736, 0.12416155354001443, 0.12415510741392059, 0.12414915390067413, 0.12414393645478282, 0.12413865025745716, 0.12413375489378897, 0.12412924521790189, 0.12412476436486296, 0.12412043079851139, 0.12411635439036565, 0.12411239593205452, 0.12410858820083133, 0.12410488439717311]]}