{"forward": [[0.30795194323038627, 0.18071428529584185, 0.1267552626962205, 0.1252733885771049, 0.12395408856064963, 0.12304610800660454, 0.12197696183555262, 0.12083101067899472, 0.11947866599262376, 0.11801479995980896, 0.11645529014687386, 0.1146279520064397, 0.11172274882023452, 0.10869936899891684, 0.10545778499730711, 0.10200483894492973, 0.09838173712944193, 0.09465471647549452, 0.09081524178941712, 0.086910206072674, 0.08297364484093846, 0.07903195660988757, 0.0751102582168452, 0.07127406929044823, 0.0675577170907822, 0.06397947073791328, 0.0605699713800587, 0.05732731970617571, 0.0542617501161204, 0.05134451142856837, 0.0486016902247802, 0.04603379574345361, 0.04363579200348594, 0.04140262233287956, 0.03931436932970765, 0.03738213968419489, 0.03558987147729926, 0.03393139071453182, 0.03239164800632147, 0.03096173580763353, 0.029635657801140056, 0.028404615297351887, 0.02726131070756939, 0.026199722015244925, 0.025214940343454523, 0.024296554194029363, 0.02343964795104201, 0.02263857059402484, 0.02189057616695974, 0.021194169969725604, 0.02054311256429439]], "backward": [[0.6299783131731088, 0.389062987521785, 0.17014960095126486, 0.1391452337092245, 0.13612075593860037, 0.1345024597970917, 0.13306500331464424, 0.1318142016287857, 0.13073163522096248, 0.12978559927463237, 0.12896983091025788, 0.1282463344136637, 0.1276003401504553, 0.12700544175277173, 0.1264781574554748, 0.12599025650720722, 0.12553420835253726, 0.1251125129576955, 0.12472659089675082, 0.12438025141057246, 0.12406155031175184, 0.12376607912686934, 0.12349771395309776, 0.12325982516520473, 0.12304433636422107, 0.12285259859382296, 0.12267556142686586, 0.12251308939354884, 0.12236146029267735, 0.12222274748610916, 0.12209288108588677, 0.12196850428767868, 0.12185409909370153, 0.12174758808625648, 0.1216487921849988, 0.12155853735392629, 0.12147382822869605, 0.12139397003385845, 0.1213191126514607, 0.1212491765011315, 0.12118348422043448, 0.12112176758023382, 0.12106428810550134, 0.12101101852063031, 0.1209602146321385, 0.12091260970220663, 0.12086749454595484, 0.12082537292428108, 0.12078637146481964, 0.12074953924474709, 0.12071443836630856]]}