{"forward": [[0.39217160780349, 0.13513816784070046, 0.131829043224747, 0.12874792019217124, 0.1256140330935188, 0.12141229743620985, 0.11332546603380438, 0.10100071207646412, 0.08588134264579535, 0.06842689888556622, 0.05121250318275267, 0.03694235909138464, 0.026038167059926492, 0.01880334735851589, 0.014259049945936271, 0.011456095106788855, 0.009653852458185527, 0.008327680644132463, 0.007313851347114526, 0.006518149376007863, 0.0058447322898091385, 0.005295425343658813, 0.0048443924559435315, 0.004472510849511691, 0.0041566425812560905, 0.0038899306444686367, 0.0036574621792217774, 0.003448507192285553, 0.003258965187636713, 0.0030886758914307703, 0.0029333678571980583, 0.002789865929307661, 0.00265900935668839, 0.002538624882231404, 0.002430165609835843, 0.0023330127305913333, 0.002243618182592173, 0.0021652434155092436, 0.002093417270777538, 0.0020275305409253493, 0.0019600322304845915, 0.0018975331072837982, 0.0018353726878537024, 0.001774024826645856, 0.0017182913019456333, 0.0016677516432347039, 0.0016211593435039944, 0.0015780601730825408, 0.0015357321804983913, 0.0014961193647838596, 0.0014604674808473999]], "backward": [[0.23739750321872893, 0.12707537105219935, 0.12554053183926334, 0.12483077444612223, 0.12436017454680336, 0.12402463966391032, 0.12381013614999227, 0.12365131931416075, 0.12354096294477653, 0.1234353223894786, 0.12333924062599536, 0.12324252358886213, 0.12316266446259302, 0.1230838321754678, 0.12300789108730018, 0.12294235238588123, 0.12288317372909076, 0.12282593153879476, 0.12276935078218265, 0.12271515836264985, 0.12266214712442816, 0.12260787640685412, 0.12255844468780458, 0.1225146544105176, 0.12247208398753294, 0.12243399137105783, 0.12239390470004405, 0.12235943202785066, 0.12232619362946878, 0.12229507957440072, 0.12226439312642132, 0.1222346112048663, 0.12220572974182514, 0.1221791495900751, 0.12215218167725865, 0.1221270213762505, 0.1221039501222989, 0.12208054894100195, 0.1220589066914877, 0.12203777996378974, 0.12201708170515523, 0.1219990922143223, 0.12198116238791272, 0.12196423895573139, 0.12194864370398162, 0.12193232737277238, 0.1219182196991723, 0.12190242980212689, 0.12188840418679601, 0.1218753963168614, 0.12186223909824583]]}
