{"forward": [[0.2550753335512963, 0.12794645670302812, 0.12236687633152153, 0.11379188782895906, 0.09593188279430329, 0.07212582328634742, 0.03543377113120184, 0.014633132614732232, 0.007808208775176679, 0.005041580833144871, 0.003511916430228787, 0.002664154663321321, 0.0021556385958568535, 0.0018042426443587993, 0.0015620388967607422, 0.0013751443330566589, 0.001223937866460006, 0.0011080363036105715, 0.0010139806729760027, 0.0009318046358224865, 0.0008601005740295756, 0.0007952575021696606, 0.0007382843060368042, 0.0006850289829160996, 0.0006400673812623427, 0.0006030101085639337, 0.0005704769290901879, 0.0005413887300399299, 0.000516833047449685, 0.0004958937816477219, 0.00047743053835882273, 0.0004607148569477089, 0.0004452713330924268, 0.00043121310938464246, 0.000419249206353828, 0.000408346665156743, 0.00039809633047761805, 0.0003888008194836947, 0.0003800503603257308, 0.0003717866092269565, 0.00036473184405500355, 0.0003584024124404981, 0.00035261125347570295, 0.0003472013996602913, 0.00034224632213111534, 0.00033808008829832524, 0.0003339632735773141, 0.00032979330791893296, 0.00032478022538420364, 0.00031992620731895904, 0.00031508480322091077]], "backward": [[0.31862477871617007, 0.13060644206929087, 0.12823126783970412, 0.1273109406795326, 0.12679323216924498, 0.1266052405237299, 0.1264562228292232, 0.1263239076671137, 0.12624494334749783, 0.12618952786462387, 0.12614948031509995, 0.12610191557191977, 0.12606513739609426, 0.12602557869086717, 0.1259843996533129, 0.1259368926641569, 0.125895562877206, 0.12585589633754474, 0.12580832560105823, 0.1257667327928088, 0.12572945927490672, 0.12568912141521546, 0.12565353920461758, 0.12561951567768478, 0.1255810010086377, 0.12555088895103628, 0.1255134005082594, 0.12547890488736216, 0.12544625374198873, 0.12541286193812862, 0.1253849956491716, 0.1253552976316516, 0.12532885905310517, 0.12530398870275591, 0.12527764550849604, 0.1252561109466752, 0.12523284822284758, 0.1252140279609455, 0.1251950872810845, 0.1251784102576633, 0.12516155873504933, 0.12514670446493614, 0.12513100457974038, 0.1251163146091411, 0.1251034272791246, 0.12509047486954566, 0.12507973550788307, 0.12506674205957652, 0.12505563972164407, 0.125044567766081, 0.12503490910321494]]}
