{"forward": [[0.23638922024563802, 0.1270825840412694, 0.12374160309823488, 0.11921791945963052, 0.11057417945197574, 0.09339355904962857, 0.07239448042616263, 0.04938374248856715, 0.029119110725403206, 0.016381760072819683, 0.00999359686120678, 0.007203025398968108, 0.0058977474229867195, 0.005141239291999417, 0.004469932962171954, 0.00387652109814794, 0.0033852764476549734, 0.0029699139465563782, 0.002584727897517847, 0.0022699138751200447, 0.002018431539755586, 0.0018069873532190674, 0.0016386232587659048, 0.0015069953930054864, 0.0013936614774428164, 0.0013040972094126733, 0.0012258491754238996, 0.0011640244152670207, 0.001110947196059795, 0.001062202916332166, 0.0010176173282608347], [0.21069442356294, 0.13045009296646712, 0.12862354648635874, 0.1270423452710983, 0.12502404251297658, 0.12235264231350795, 0.11817508390635571, 0.11199633841509288, 0.09837129443278075, 0.07693272751402223, 0.053306042381415036, 0.030298576847198732, 0.016324168260514693, 0.009537530378854455, 0.006671519095423985, 0.0051845639147678445, 0.0041728294827353156, 0.0034946791094618798, 0.002988532473297499, 0.002601834241787249, 0.002312502141157534, 0.0020838788588637704, 0.0019062624009140896, 0.0017656265528276024, 0.001640654514966591, 0.0015283826891757904, 0.0014348201371816728, 0.0013491394421933551, 0.0012707713604782672, 0.001207887664979384, 0.0011506155337760618], [0.7184938245215275, 0.22264945721941432, 0.138151594246118, 0.12581061575817568, 0.11584711145414897, 0.1062567345720768, 0.09672413912221872, 0.0869730299663938, 0.07665833344997995, 0.064800154886898, 0.04916053486099201, 0.0350446641965265, 0.024562288902742112, 0.017402778298371363, 0.012936652622314063, 0.010116087067505396, 0.008154337484884366, 0.006738339499167549, 0.00569149772713692, 0.004914493668779727, 0.004305470668844573, 0.003792811837936834, 0.00337192873588192, 0.0030126362297789103, 0.002736013208868364, 0.0025193281050667577, 0.0023428032150612436, 0.0022090681792092236, 0.0021002188922257655, 0.002004982664015361, 0.0019215872620875418]], "backward": [[0.4520973121507682, 0.14144643294716935, 0.13222486986202173, 0.1285497324065986, 0.1269925624927666, 0.12619716063530592, 0.1257631094753784, 0.12546318425027547, 0.12524552114182802, 0.12507795680351166, 0.12488505984879446, 0.12473311147241425, 0.1245961776135135, 0.12448231277517609, 0.12438567957765975, 0.1243043206404921, 0.12423361179402598, 0.12417018478333516, 0.12411640721169075, 0.1240653524592136, 0.12402139937261329, 0.12398002724670977, 0.12393854380981535, 0.12390351987461719, 0.12387076149878362, 0.12384107441558724, 0.12381190913796404, 0.12378638036578425, 0.12375786546870012, 0.12372982553645637, 0.12370586832105432], [0.3546249196235934, 0.12959614714556125, 0.12887161982805465, 0.1284767582026077, 0.12822447279157623, 0.12802445944497326, 0.127852588592277, 0.12770671687907878, 0.1275809602177522, 0.1274693196059452, 0.12737125297074095, 0.1272831337513749, 0.12719985240069562, 0.12712008995872923, 0.12703824784622125, 0.12696701663034987, 0.1268945363654867, 0.12683067480889526, 0.12676741262527563, 0.12671071664846734, 0.12665679178007788, 0.12660700570141747, 0.12655906648900903, 0.1265137568959892, 0.12647102717629408, 0.12643006292300688, 0.12639174714149276, 0.12635548447765368, 0.12632062185045426, 0.12628724108980163, 0.12625567625073766], [0.38933681096642875, 0.12869053855420443, 0.1257874508916678, 0.12494732233629147, 0.12440926107254263, 0.12403107528282929, 0.12375171682977966, 0.123540264011456, 0.12337387992056788, 0.12323121762714721, 0.12310065370684505, 0.12298562410159468, 0.12287817663413539, 0.1227775460187065, 0.12268951832137844, 0.12260572956854428, 0.12253196782773768, 0.12246200709867856, 0.12239870344661609, 0.1223394481490166, 0.1222886757162838, 0.12224057376681678, 0.12219524163342427, 0.12215527824602304, 0.12211740282529454, 0.12208249819979612, 0.12204696301613094, 0.12201446980848579, 0.12198481709066693, 0.12195424978653688, 0.12192652092359642]]}