{"forward": [[0.664973117550586, 0.1389975941526994, 0.12685751182961508, 0.12012589379808479, 0.114245913073083, 0.10594635194129287, 0.09696519340512469, 0.08726325525854778, 0.07612307081539366, 0.06228582294691276, 0.047620173157132566, 0.033592439461820695, 0.022227476657697448, 0.015092220263493874, 0.011000631057568827, 0.008711337097924545, 0.007362633793239013, 0.0063590726958838665, 0.005494116908411296, 0.004804031479809188, 0.004240123929705634, 0.0037602539187371366, 0.003350827337836297, 0.0030068599760824004, 0.0027233878752129966, 0.00248761967549485, 0.002280252197365759, 0.0021013180558702993, 0.0019435330161621412, 0.0018045057947901981, 0.001684570434461156], [0.7284496706800864, 0.15369351564054945, 0.1368550217643888, 0.13345835006336254, 0.1296226570604933, 0.12330172345750233, 0.11514056007128443, 0.10595368768633541, 0.09061555305633441, 0.06669893269563755, 0.04803079550847631, 0.032598080867432766, 0.022192836628456416, 0.015808049943071573, 0.0120518562611913, 0.009799426401646985, 0.008364189309241437, 0.007389139812788975, 0.006680555410151158, 0.006131784798799324, 0.005581867695451906, 0.005004473993952818, 0.004579136378513387, 0.0042632546835136426, 0.004005142785292656, 0.0037965889504821427, 0.0036160126844887127, 0.0034583280892235137, 0.0033161589701337455, 0.0031907251414715963, 0.0030824547302697593], [0.253577619221768, 0.12859997663301764, 0.1231258754235895, 0.11893398359411293, 0.11325648134787301, 0.10525503232866303, 0.09330435659986762, 0.07643599217717531, 0.05664559623037038, 0.03825079951905684, 0.023075851348274928, 0.014634987986898648, 0.010422246497881163, 0.008297238583147662, 0.00692031100051516, 0.005802090661550928, 0.0048716044415032375, 0.004019927020366057, 0.003389142483818576, 0.0029127424214420478, 0.002494887142141737, 0.0021798731724603816, 0.0019333851838914807, 0.0017432909884521595, 0.00159403888480255, 0.0014828112198406042, 0.0013986303614829828, 0.0013309370759719682, 0.0012751121358411427, 0.001229392468429337, 0.0011912330089751326]], "backward": [[0.4853653808075805, 0.14268384441745394, 0.12877243877229091, 0.12805701314644485, 0.12755747724964675, 0.12721947459975394, 0.12695040071620636, 0.12672762664818074, 0.12653438394840957, 0.1263569546763245, 0.12620084786586172, 0.12606992132228198, 0.12595095221376718, 0.12585062455411847, 0.12576761758506694, 0.1257026838860197, 0.12564818229462665, 0.12559935028947028, 0.12555507976270017, 0.1255144433861969, 0.12547867591082418, 0.12544421574292075, 0.12541326196548086, 0.1253864312821121, 0.12536065426765167, 0.12533611199569034, 0.12531280335362724, 0.12529134236548972, 0.12527073977688094, 0.12525174843846745, 0.12523383863985604], [0.2089831868685127, 0.13157625548902266, 0.12998738889281344, 0.12925717554461846, 0.12893868305791573, 0.1287967327951547, 0.1287159431775387, 0.12865874049703308, 0.1286120407869222, 0.12857695237272454, 0.12854495782579914, 0.12852013254052913, 0.12849749441282915, 0.1284817223856957, 0.1284637872319866, 0.12844700695437233, 0.1284311315082868, 0.12841873952744826, 0.12840950265647574, 0.1283996946468567, 0.12839157726336495, 0.12838466911805074, 0.12837791781463181, 0.1283717702100218, 0.12836595181410737, 0.1283604922302098, 0.12835488592612002, 0.12835054267683815, 0.1283458586512704, 0.12834156271676184, 0.12833685736159098], [0.4981926944322217, 0.14738943269659868, 0.1279923997341989, 0.12663738027087662, 0.12569441044879026, 0.12503811170156146, 0.12462827349733299, 0.12439948849233738, 0.1242568509062904, 0.12416969306753338, 0.1241074910418188, 0.1240626871647906, 0.12402569109236186, 0.12400135390709144, 0.12397684226774539, 0.12395777667213587, 0.12394161487720266, 0.12392831052725524, 0.12391637362598035, 0.12390569296528899, 0.12389495430924098, 0.12388679157222052, 0.12387881018127186, 0.12387171228715566, 0.12386562362448608, 0.12385919402462843, 0.12385277273136838, 0.12384599747759759, 0.12384037769966082, 0.12383569137498794, 0.12383093309071691]]}