{"forward": [[0.7293609232606595, 0.1278493193632588, 0.11847968637033963, 0.09783947270590584, 0.07165664872163496, 0.046006136338603794, 0.027010750918449126, 0.01412829473081938, 0.008836368429963654, 0.006063919702540811, 0.004295786106852901, 0.003220011677506939, 0.0025485728302249125, 0.0020960000035390725, 0.0017836367480424406, 0.001552400707380928, 0.0013825641396232598, 0.0012494650606651584, 0.0011413819237877073, 0.0010583798151946105, 0.0009883288741355952, 0.0009279559423952604, 0.0008707734263018606, 0.0008228360458661402, 0.0007816977847461422, 0.0007477508369545254, 0.0007175587460384874, 0.0006936993005504235, 0.0006742276367609389, 0.0006570666460907186, 0.000642537600181467, 0.0006298776678057918, 0.0006184566954228247, 0.0006074416883989724, 0.0005969166870259355, 0.0005867755810170691, 0.0005776023188845294, 0.0005684429902216435, 0.0005594568039275288, 0.0005514663931131456, 0.0005441131658302761, 0.0005367114734284167, 0.0005298896273893049, 0.0005235539555529206, 0.000517977773135987, 0.0005127883594137711, 0.0005081015495622453, 0.0005038266570874809, 0.0004999695538415286, 0.0004964681265726675, 0.0004932137824944405]], "backward": [[0.2960870851687803, 0.12775644228956543, 0.12518614438894402, 0.12460521226542173, 0.12429208703988219, 0.12413687642282645, 0.1240301459122317, 0.12394508834673547, 0.12387426337597253, 0.12380729587204366, 0.12373971175023978, 0.12370430462754849, 0.12363704317378965, 0.12358010361135761, 0.12353938794345325, 0.12349146896313933, 0.12344761713777748, 0.12340036288015203, 0.12335911079221232, 0.12331590375489337, 0.12327078952558203, 0.12322674529285427, 0.12319172736850803, 0.12315027073065994, 0.12311370150940668, 0.12307809231788118, 0.12303717957711816, 0.12300270312895316, 0.12297482334484554, 0.12294464675213476, 0.12291398254313801, 0.12288592906835569, 0.12286116512795822, 0.12283669032011735, 0.12281488637226834, 0.12279420207982754, 0.12277572638608568, 0.12275749181886132, 0.12274073253735866, 0.12272462022302508, 0.12271064721269609, 0.12269676915221517, 0.12268473333525048, 0.12267263878028851, 0.12266127270697057, 0.12265132672743378, 0.12264173750820155, 0.12263239809623806, 0.12262429860037986, 0.12261575138144439, 0.12260779128319371]]}